name,country,currentFormPointsAfter2022_2023,currentFormPointsAfter2023_2024,currentFormPointsAfter2024_2025,currentFormPointsAfter2025_2026
Paul Deaville,England,0.0,0.0,1287.3220738973596,1264.6761290301351
Ma Shaojun,China,0.0,0.0,1462.1343100286406,1462.1343100286406
Thor Chuan Leong,Malaysia,0.0,1460.3344947505618,1577.2793884309,1577.2793884309
Qiu Lei,China,0.0,0.0,1461.295467402216,1421.3403110216461
Liu Wenwei,China,0.0,0.0,0.0,1547.6353217191959
David Gilbert,"England",1794.412081951812,2219.9261822784492,1837.1928318157738,1854.6670646509292
Mark Allen,"Northern Ireland",2184.7467472556446,2001.3810362413724,1955.1536678687175,2228.2852619426403
Jack O'Brien,Ireland,0.0,0.0,0.0,1490.6236460458153
Hossein Vafaei,"Iran",1828.9318255893459,1986.886420472001,2118.6792403548657,1694.5271258311661
Yisong Peng,"China",1024.7987573924993,1477.64895229226,1477.64895229226,1477.64895229226
Zhang Hao,China,0.0,0.0,0.0,1468.3027734543473
Andy Lee,"England",1157.0580161130229,1136.1740227155678,1136.1740227155678,1136.1740227155678
Kyren Wilson,"England",2152.880651012832,2362.225585482622,2185.5662123252123,2236.3574342426523
Kreishh Gurbaxani,India,0.0,0.0,1201.9791875253238,1051.3317038483328
Haydon Pinhey,England,1393.6845572440998,1306.5571277860245,1366.5692312180038,1477.3576762782197
Alex Taubman,Wales,0.0,1341.9931617689847,1341.9931617689847,1341.9931617689847
Hamza Ilyas,Pakistan,0.0,1345.2631068620876,1345.2631068620876,1345.2631068620876
Simon Blackwell,England,0.0,0.0,1229.4331277124977,1255.8779923160992
Anthony McGill,"Scotland",1956.4571965545513,1628.5773526411392,1686.1642529737435,1853.9570447362082
Jamie Jones,"Wales",1601.752916530574,1864.8571926227485,1658.2283182418641,1500.1294139760996
Zhou Yuelong,"China",1650.6328079793036,1827.6934971212727,2028.8252235528855,2187.0799682827574
Omar Alajlani,Saudi Arabia,0.0,1474.608270647986,1404.8667312558023,1336.4073584830355
Yao Pengcheng,China,0.0,0.0,0.0,1478.0974781053178
Huang Jiahao,China,0.0,0.0,1278.348174373348,1447.1960974634317
Connor Benzey,England,0.0,0.0,1526.2016074003964,1213.9040683080448
Haris Tahir,Pakistan,0.0,0.0,1222.6824445109899,1265.3732173448586
Abdullah Alotayyani,Saudi Arabia,0.0,0.0,1439.081206566901,1374.2417945711509
Umut Dikme,Germany,0.0,1368.171488435486,1344.6714140566937,1257.7932165308364
Ali Al Obaidly,Qatar,0.0,1472.888398203392,1410.529095946551,1410.529095946551
Yulu Bai,China,0.0,1250.7497713865407,1146.814560332599,1337.4962768081252
Andrew Pagett,"Wales",1374.688957256877,1183.9952143719577,1127.650383766689,1155.9580954633127
Jake Crofts,England,1437.8592359595827,1437.8592359595827,1437.8592359595827,1437.8592359595827
Callum Beresford,England,1374.23522457137,1374.23522457137,1374.23522457137,1374.23522457137
Fergal Quinn (II),Northern Ireland,0.0,1448.9488849974387,1263.0226625633677,1161.2407552387667
Cody Turner,New Zealand,0.0,0.0,0.0,1405.187980080764
Noppon Saengkham,"Thailand",1783.6413047803517,1798.090424075241,1718.7427871817265,1673.9385871841005
Filips Kalniņš,Latvia,1272.3405135937796,1244.181589456382,1244.181589456382,1244.181589456382
Ahmed Aly Elsayed,United States,0.0,928.2835097250412,877.8178894501372,877.8178894501372
Musaad Almisfir,Saudi Arabia,0.0,0.0,0.0,1397.4264668838312
Xiao Guodong,"China",1712.4871587478356,1883.6287822161291,2206.191547800041,2109.266799325858
Joe O'Connor,"England",1806.2221463141814,2010.7658619717963,2290.20204518259,1875.9635555743484
Chang Bingyu,"China",1443.047846780931,1443.047846780931,1443.047846780931,2293.6605320392305
Barry Hawkins,"England",1724.59546108461,1794.2904453010108,2340.990908230831,2191.193175970828
Amir Sarkhosh,Iran,0.0,1402.0988167030346,1238.658007634548,1318.5563349615347
Zhang Xiao,China,0.0,0.0,0.0,1468.9389489811806
Barry Pinches,"England",1377.9150150726703,1353.2155313646817,1392.5099094089985,1392.5099094089985
Lee Walker,Wales,1459.3413417224194,1459.3413417224194,1459.3413417224194,1459.3413417224194
Anthony Hamilton,"England",1479.9478628998309,1498.190917354937,1504.1192196904055,1504.1192196904055
Deng Haohui,China,0.0,1478.4446409504565,1478.4446409504565,1478.4446409504565
Adeel Aqdus,Pakistan,0.0,0.0,1446.5178801494321,1379.428267579055
Ben Mertens,"Belgium",1483.8306266300533,1540.3740310927571,1439.412161253781,1694.8414526445479
Cheung Ka Wai,Hong Kong,0.0,1354.220814531676,1561.4777637592858,1754.751449140115
Ross Bulman,Ireland,1327.5001917500786,1327.5001917500786,1327.5001917500786,1327.5001917500786
Halim Hussain,England,0.0,0.0,0.0,1368.2728428579746
Antoni Kowalski,Poland,0.0,0.0,1356.7824493690528,1660.5348270645588
Kayden Brierley,England,0.0,0.0,1404.926880143711,1288.7168571291427
Mohamed Elkhayat,Egypt,0.0,0.0,1421.6749744418378,1421.6749744418378
Scott Donaldson,"Scotland",1578.1365947401468,1659.1676520488109,1530.2149943085833,1825.6314054925444
Wang Yuchen,China,0.0,0.0,1618.6897820116133,1398.8117354638987
Alfie Burden,"England",1411.9766240648573,1471.1802826627138,1445.4264653882803,1682.939601265156
Ricky Walden,"England",1780.9920193989003,1720.4280403826995,1708.8056115925651,1741.118061260407
Ronnie O'Sullivan,"England",2056.941907590817,2198.016950362161,2054.813467244147,2123.3886251770473
Mark Davis,"England",1640.3351601356483,1838.5287165108787,1578.8685553204466,1455.274560010284
Mohammed Shehab,United Arab Emirates,0.0,1415.8507418414615,1300.9286356532714,1368.5537555714118
Marco Fu,"Hong Kong",1535.0137635444091,1767.537945570837,1737.7670111402845,1831.6362173854554
Andrew Higginson,England,1644.919409430701,1476.8844096582634,1401.8762774396323,1401.8762774396323
Chris Wakelin,"England",1743.4258027800633,1685.0288287130963,1978.8974731315805,2026.8714236388917
Abdulraouf Saigh,Saudi Arabia,0.0,0.0,0.0,1427.0420570275485
Duane Jones,"Wales",1306.7191104003014,1403.186554360736,1706.7096633416998,1470.1505809899334
Ryan Davies,England,1421.0708472963613,1408.8378541796392,1370.9880671335195,1345.2421806351063
Ishpreet Singh Chadha,India,0.0,1524.6298048380431,1756.773990623581,1564.5296502286153
Graeme Dott,"Scotland",1624.5584156914842,1608.1816919849396,1567.3485908230016,1567.3485908230016
Ali Jalil Ali,Iraq,0.0,0.0,1444.4997082164796,1444.4997082164796
Dean Young,"Scotland",1197.2945442770401,1207.9839635437706,1406.281790049906,1408.4393567965024
Tom Ford,"England",1612.1913407528314,1912.6923728529869,1637.0125870581544,1906.3028483539063
Stephen Hendry,"Scotland",920.3638824911963,939.9232793847283,939.9232793847283,939.9232793847283
Ian Martin,England,1110.4088069874185,1110.4088069874185,1110.4088069874185,1110.4088069874185
Ali Hussain Ali,Iraq,0.0,0.0,1408.898837821584,1408.898837821584
Bulcsú Révész,Hungary,1253.5836712751775,1204.0331848975036,1258.6377442802616,1572.063500233887
Michael Holt,England,1411.9417142149714,1503.6519489111558,1735.4965401521965,1726.2485143972344
Ken Doherty,"Ireland",1352.7375313762223,1422.324611952572,1339.290546882813,1353.431095272467
Ahmed Abdullah Aseeri,Saudi Arabia,0.0,0.0,1464.2285439266059,1400.375690044931
Liam Graham,Scotland,1279.737441233131,1090.2124077797712,1166.9781097591213,1277.7363214097245
Saleh Alamoudi,Saudi Arabia,0.0,0.0,1415.4700818713627,1415.4700818713627
Brad Ferguson,Wales,1363.811794643289,1363.811794643289,1363.811794643289,1363.811794643289
Mark Lloyd,England,0.0,0.0,0.0,1462.5265251382143
Ryan Day,"Wales",1873.39989960504,1879.2031100822232,1778.3032923739872,1663.4294161132523
Florian Nüßle,Austria,1560.0584878527823,1547.6002877587503,1604.1037047750299,1565.37258348998
Jamie Gardiner,Northern Ireland,0.0,0.0,1477.238086499696,1477.238086499696
Martin O'Donnell,England,1602.938676184251,1599.6793085672969,1406.7846935552702,1660.9863327792805
Mahmoud El-Hareedy,Egypt,0.0,0.0,0.0,1283.8772269779297
Jonas Luz,Brazil,0.0,0.0,1072.4493496195435,856.1468151002172
Saud Albaker,Saudi Arabia,0.0,0.0,0.0,1416.2901555115254
Mark Williams,"Wales",1862.592223773297,2133.107351972724,2414.8182937691568,1955.2154421874309
Hamim Hussain,England,0.0,0.0,1558.3670519775894,1558.3670519775894
Xu Jiarui,China,0.0,0.0,0.0,1447.983305477343
Luca Brecel,"Belgium",2332.44273678582,1961.4280498781452,2333.224122971547,1632.151633952892
Rebecca Kenna,"England",787.2964826488023,709.2861556535761,709.2861556535761,709.2861556535761
Fergal O'Brien,"Ireland",1231.240304848713,1217.0023608062718,1217.0023608062718,1217.0023608062718
Huang Hao,China,0.0,0.0,1434.5274256691112,1434.5274256691112
Chatchapong Nasa,Thailand,0.0,0.0,0.0,1319.151829100133
David Lilley,"England",1515.4737437295837,1502.996696064943,1713.9039088486827,1635.3628160569988
Michael White,"Wales",1591.5394119727316,1606.2600849625328,1615.6367782454174,1615.6367782454174
Riley Powell,Wales,1502.181279285338,1318.500429932889,1321.9304649530281,1301.5619688527665
Yuan Sijun,"China",1684.874561482485,1799.275682026143,1840.6210835647796,1741.231899304608
Mohammed Al Joker,United Arab Emirates,0.0,0.0,0.0,1438.0907080245472
Ziyad Al Qabbani,Saudi Arabia,0.0,0.0,1445.7402996557787,1359.3292742728693
Dechawat Poomjaeng,"Thailand",1252.058568412836,1252.058568412836,1252.058568412836,1252.058568412836
Oliver Lines,"England",1553.3336660642224,1552.9819142010733,1550.0076568252348,1825.3918377580521
Jianbo Zhao,China,1670.7376806525886,1670.7376806525886,1670.7376806525886,1670.7376806525886
Michael Judge,"Ireland",1119.0995807697668,1119.0995807697668,1119.0995807697668,1119.0995807697668
Bradley Cowdroy,England,0.0,1443.9779215527035,1443.9779215527035,1443.9779215527035
Joshua Cooper,England,0.0,0.0,1157.8059984928755,1157.8059984928755
Ian Burns,"England",1378.7970550632574,1610.1574850146462,1664.9169492762271,1707.488286869959
Sion Stuart,Wales,0.0,0.0,1484.2934264660635,1484.2934264660635
Ayaan Iqbal,Scotland,0.0,0.0,1465.6931682214147,1465.6931682214147
Louis Heathcote,"England",1559.6294020557984,1871.1168162110257,1492.7043929273186,1717.0059558178011
Jack Borwick,Scotland,1490.8798400447206,1393.6477852873536,1349.8067515432263,1350.1553253540617
Ben Woollaston,"England",1581.0731135914423,1585.6256939473128,1858.4893765938064,1632.0704833215477
Cai Wei,China,0.0,0.0,1410.5903821981517,1410.5903821981517
Allan Taylor,"England",1414.251832066843,1382.0905281754156,1449.0133444540747,1407.7194228483218
Stephen Maguire,"Scotland",1597.2820066389504,1988.7161573673638,1765.9514293410275,1819.9389492233122
Rod Lawler,"England",1404.1235514568948,1267.2543284612764,1267.2543284612764,1267.2543284612764
Michal Szubarczyk,Poland,0.0,0.0,1333.1620936839802,1432.7271302230188
Rory McLeod,Jamaica,1496.2131789495115,1367.1449338935674,1363.6932689055495,1363.6932689055495
Ben Hancorn,England,1469.6230683823965,1469.6230683823965,1469.6230683823965,1469.6230683823965
Mitchell Mann,"England",1219.2931014656397,1219.2931014656397,1625.0994344842268,1537.3614148460208
Krzysztof Czapnik,Poland,0.0,0.0,0.0,1410.648773961759
Victor Sarkis,"Brazil",834.7723847275635,772.5734757544113,772.5734757544113,772.5734757544113
Ma Hailong,China,1328.8769298219297,1471.459550732118,1492.1967565119078,1492.1967565119078
Zheng Dian,China,0.0,0.0,1471.3329715078055,1471.3329715078055
David Grace,"England",1769.2456730870865,1416.553250099698,1581.9114464185072,1715.1791031852572
Robbie Mcguigan,Northern Ireland,1379.467520715754,1361.5187025897085,1300.8952772178693,1384.9446087738586
Zack Richardson,England,0.0,0.0,1451.2889225575684,1469.6113688249266
Mateusz Baranowski,Poland,0.0,0.0,1458.6536152983417,1378.777771302821
Zak Surety,"England",1350.0800740591699,1666.296854714534,2126.492782229221,1846.202295569739
Farakh Ajaib,England,1243.9130532834974,1243.9130532834974,1252.1513723461853,1372.8066273379247
Mark Selby,"England",2106.6473068511004,2092.9108519943347,2312.9803844915373,2378.5029682660784
Sean O'Sullivan,"England",1290.9415235344838,1201.379174436323,1197.1142652713809,1197.1142652713809
Liam Davies,Wales,1238.0401947794967,1255.3402892928236,1446.3378059950808,1544.172399937851
Ryan Thomerson,"Australia",1018.3551867452211,1013.7286681652956,1108.4474982608206,1108.4474982608206
Alfie Davies,Wales,0.0,1460.9692233052551,1407.281556696077,1453.3228401973458
Julien Leclercq,"Belgium",1499.8140712895795,1528.240333374483,1517.9711747742936,1845.2770380215418
Sydney Wilson,England,0.0,1212.5125864714664,1212.5125864714664,1212.5125864714664
Oliver Brown,"England",1095.6791813790805,1483.6744206251865,1483.6744206251865,1158.1583193736196
Stan Moody,England,1335.1734215305623,1371.69855446353,1925.2167440662138,1932.354040687139
Ashley Carty,England,0.0,1372.2816798204315,1339.8375010069683,1254.1138955186755
Jiang Jun,China,0.0,1761.0510767742906,1705.9349344558966,1979.4335297027828
Zak Sheldon,Northern Ireland,0.0,0.0,0.0,1438.644858359894
Akani Songsermsawad,Thailand,0.0,0.0,1620.4057897967828,1493.0199723983444
Aidan Murphy (II),England,0.0,0.0,0.0,1441.944822578977
Neil Robertson,"Australia",1921.385322936154,2092.4299911302496,2006.494059375783,2083.4948592248306
Ng On Yee,"Hong Kong",1029.4176040220739,1029.4176040220739,1029.4176040220739,1122.9591817991484
Thepchaiya Un-Nooh,"Thailand",1796.6518014890232,1821.323448581041,1604.6401525219655,1832.0542475327195
Elliot Slessor,"England",1834.5255408943258,1889.419783762791,2011.9392359162903,2092.8455557749594
Ahmed Abul,Kuwait,0.0,0.0,1440.6037725141025,1440.6037725141025
Zhao Hanyang,China,0.0,0.0,0.0,1379.2215181676115
Reanne Evans,"England",853.1226816509488,851.0203220001983,945.4545415723684,1024.3437292249612
Jordan Brown,"Northern Ireland",1593.5470216254478,1539.3244801837072,1416.1044050884766,1491.6011186502956
Haitham Al Mahri,Oman,0.0,0.0,1412.1447472616578,1412.1447472616578
Abdulraouf Sayegh,Saudi Arabia,0.0,0.0,1450.4801716162228,1450.4801716162228
Stuart Bingham,"England",1834.9601516116456,2177.6934388260647,1809.5172439590297,1910.4325092580577
Billy Joe Castle,England,1279.034714311207,1279.034714311207,1279.034714311207,1279.034714311207
Brian Cini,Malta,0.0,0.0,1422.0798762620734,1381.551196016111
Jimmy White,"England",1482.727834788262,1187.6827907515467,1134.6906401266017,1244.3425819029371
Mostafa Dorgham,Egypt,0.0,1296.8327290722982,1150.6092690773514,1089.7828629344908
James Cahill,"England",1438.6955605326555,1321.2247923439747,1321.2247923439747,1284.7878209639894
Andres Petrov,"Estonia",1221.8366017602982,1300.9004493863806,1212.5897093561603,1212.5897093561603
Daniel Holoyda,Poland,0.0,1367.0325197193215,1367.0325197193215,1367.0325197193215
Martin Gould,"England",1518.5524471067142,1518.5019842855913,1518.5019842855913,1518.5019842855913
Vladislav Gradinari,Moldova,1483.4609546823197,1351.583998795086,1312.640573140335,1297.5306197083767
John Higgins,"Scotland",2295.9785737834636,2007.9366490331295,2190.598221684171,2264.31645446841
Ellise Scott,England,0.0,0.0,0.0,1481.6158185540903
Michael Georgiou,Cyprus,1441.1602886306794,1441.1602886306794,1441.1602886306794,1441.1602886306794
Dong Zihao,China,0.0,1455.6806171680719,1455.6806171680719,1455.6806171680719
Hesham Shawky,Egypt,0.0,0.0,0.0,1475.5728391901941
Himanshu Jain,"India",835.0231693419983,991.3140183638229,991.3140183638229,991.3140183638229
Lan Yuhao,China,0.0,1453.1704470175782,1453.1704470175782,1562.6298239015107
Sophie Nix,Scotland,0.0,0.0,1488.2892003992793,1488.2892003992793
Fahad Alghamdi,Saudi Arabia,0.0,0.0,0.0,1430.6110810996934
Peifan Lei,"China",1363.2845365494593,1363.2845365494593,2174.114741044002,1860.5427451693533
Mink Nutcharut,"Thailand",921.9034713820536,934.2921418674275,950.9138696437763,879.4545143129176
Khalid Kamali,United Arab Emirates,0.0,0.0,1449.221830721417,1449.221830721417
Mark Joyce,"England",1474.3779186776817,1411.7184903945815,1462.3979339209918,1462.3979339209918
Ali Carter,"England",1881.747366486171,1903.5208992447979,1842.4691041995766,1988.6676118855999
Si Jiahui,"China",2241.981512936346,1912.4618154974917,1969.5182707674358,1909.0771277042359
Igor Figueiredo,Brazil,0.0,0.0,1447.46354028436,1499.7096193949435
Sahil Nayyar,India,0.0,0.0,0.0,1240.9589226363375
Xu Si,"China",1666.944079769176,1540.51066192335,1675.8972466215564,1919.676953554635
Josh Mulholland,England,0.0,1403.160258156208,1392.3578515654435,1392.3578515654435
Shaun Liu,Hong Kong,0.0,1485.440444936665,1485.440444936665,1485.440444936665
Liam Highfield,"England",1478.1103092375831,1327.7887850799618,1391.0807429329893,1807.440004771779
Liu Hongyu,China,0.0,1578.9023931601403,1590.004623794286,1727.2493457853059
Daniel Boyes,England,0.0,0.0,1491.4145691804436,1491.4145691804436
Matthew Selt,"England",1828.9055025120474,1902.447315898611,1887.9551904101324,1957.1920146980488
Jack Bradford,Wales,0.0,0.0,0.0,1458.5474728682755
Anton Kazakov,"Ukraine",1082.6327867392856,1038.4377641223966,989.4954968341368,989.4954968341368
Dylan Emery,"Wales",1322.7578010395582,1422.7016860303593,1585.3436701908224,1702.472109538506
Oliver Briffett-Payne,Wales,1445.802774339945,1318.3304605378214,1280.4929027233563,1250.1186020984856
Peter Lines,"England",1426.0472270828407,1257.2883061593652,1356.5377076363181,1231.4375812390358
Ding Junhui,"China",1948.6212089682563,2149.0707241704,2065.4276732407475,2032.7100045346428
Gao Yang,China,1340.4174142414288,1516.0875836398955,1870.2135376817055,1785.6013133364954
Joe Shannon,Ireland,0.0,0.0,1487.1639815854398,1487.1639815854398
Craig Steadman,"England",1267.6357101990943,1394.8343136777937,1341.0055892445223,1309.458338386056
Xu Yichen,China,0.0,0.0,0.0,1442.540025983918
Gerard Greene,"Northern Ireland",1328.9758538565102,1328.9758538565102,1256.3400906846919,1256.3400906846919
Oliver Sykes,England,0.0,1436.5163962937852,1515.140201665964,1329.5232657371305
Asif Mukhtar,Pakistan,0.0,0.0,0.0,1414.2986767077516
Sean McAllister,England,0.0,1467.995066815029,1467.995066815029,1467.995066815029
Hatem Yassen,Egypt,0.0,0.0,1131.6473620680076,1061.4971974504615
Kaylan Patel,England,0.0,0.0,1449.6085508493472,1426.9646410225116
George Pragnell (II),England,1371.1405640220416,1371.1405640220416,1371.1405640220416,1428.3641223853724
Sanderson Lam,"England",1511.100994167531,1469.1483150351207,1477.418350679281,1509.345829959794
Joshua Thomond,England,0.0,1414.5135780766902,1165.4283515695784,1165.4283515695784
Lyu Haotian,"China",1797.42517194839,1802.292366308608,1593.522510117484,1660.4718979754784
Liam Pullen,England,1421.5286778785066,1493.2312359866137,1294.7423550766885,1835.149260734372
Abdullah Alshammari,Saudi Arabia,0.0,0.0,0.0,1423.1549679660216
Judd Trump,"England",1945.9113998311327,1967.188015611541,2328.215133473786,2328.0465827848316
Asjad Iqbal,"Pakistan",1218.0099252128862,1195.5485675392074,1195.5485675392074,1195.5485675392074
Artemijs Zizins,Latvia,0.0,0.0,1492.0225312922025,1696.13112091982
Tian Pengfei,"China",1609.4273574509436,1506.4897246078197,1409.5681184236728,1409.5681184236728
Alexander Ursenbacher,"Switzerland",1389.6456788314274,1571.0132158659744,1496.2219456855582,1422.2422601531227
Wang Yuhang,China,0.0,0.0,1410.2311678011927,1410.2311678011927
Sam Craigie,"England",1597.0536158714092,1729.4207576845831,1729.4207576845831,1990.6560809117514
Daniel Wells,Wales,1603.998842365415,1784.1726151793896,1734.947053701846,1584.5283033436144
Tang Hewen,China,0.0,0.0,0.0,1493.3900425609486
Pang Junxu,"China",1937.4355360251757,1639.5161171092088,1857.527404355305,1845.6051531150067
Xing Zihao,China,0.0,1552.5747416384675,1576.794005944786,1576.794005944786
Fan Zhengyi,"China",1699.804732700067,1677.074604461312,1900.6477298451905,1815.8241527787802
Wang Xinbo,China,0.0,1528.9508520075296,1550.0879782590084,1657.9844926006842
Patrick Whelan,England,0.0,0.0,0.0,1345.9178179908818
Stuart Carrington,"England",1322.123324654212,1581.372740667339,1460.663121911662,1435.4951408450434
Lee Stephens,England,1369.1684138516678,1369.1684138516678,1369.1684138516678,1369.1684138516678
Ross Muir,Scotland,1273.3748392423215,1417.586925484704,1421.6553600540433,1540.9125340785351
John Astley,"England",1624.0864943920665,1458.677156597039,1458.677156597039,1470.1241523780116
Steven Wardropper,Scotland,0.0,0.0,1478.9828563698827,1462.4874883272666
Siripaporn Nuanthakhamjan,Thailand,1325.8426773799652,1016.0615559111183,799.9022980872246,799.9022980872246
Mohamed Ibrahim,"Egypt",1007.5422978330895,963.2246354336266,963.2246354336266,963.2246354336266
Lim Kok Leong,Malaysia,0.0,0.0,1431.4682631891421,1431.4682631891421
Jimmy Robertson,"England",1701.050641898586,1606.8904553520922,1933.4751006411914,1958.3764020286978
Ethan Llewellyn,England,0.0,0.0,0.0,1429.6399474723248
Gary Wilson,"England",1914.9091023708456,2045.3923327783605,1765.511337583049,1919.7500209825446
Faisal Bahashwan,Saudi Arabia,0.0,0.0,1433.9425336349564,1433.9425336349564
He Guoqiang,China,0.0,1642.6466184982382,1661.3777608830287,1679.3116275322063
Manasawin Phetmalaikul,England,0.0,1218.8015748472155,1312.8834842659608,1312.8834842659608
Fraser Patrick,"Scotland",1335.5417204909306,1335.5417204909306,1335.5417204909306,1335.5417204909306
Lukas Kleckers,"Germany",1472.964836537549,1387.3666324950038,1387.3666324950038,1387.3666324950038
Jamie O'Neill,"England",1275.2305385150835,1241.7176695559833,1207.3536232556041,1207.3536232556041
Dominic Dale,"Wales",1461.4545445147821,1584.600316054668,1400.8540274275888,1400.8540274275888
Alex Clenshaw,England,0.0,0.0,0.0,1421.1916814867232
Jamie Clarke,"Wales",1489.077762377633,1481.2916658814368,1468.7894190862462,1605.128469151431
Chris Totten,Scotland,0.0,1427.7729113624232,1427.4896249863402,1314.7172782514306
Gong Chenzhi,China,0.0,1284.2671763057087,1515.148246620686,1407.4061492286764
Ashley Hugill,"England",1499.579372205231,1698.76751917109,1698.76751917109,1522.1202290230085
Jack Lisowski,"England",1869.7911121041802,2103.0359478498162,1965.3135997628258,2109.1359872670637
Peter Devlin,England,1499.500064343029,1499.500064343029,1499.500064343029,1499.500064343029
Wang Xinzhong,China,0.0,1358.4247919320828,1358.4247919320828,1673.3899953487437
Kusai Hamed Sharif,Libya,0.0,0.0,1392.801264015276,1392.801264015276
Zhao Xintong,"China",1757.245199134908,1757.245199134908,2651.8950744339204,2406.340808642514
Hammad Miah,"England",1243.1150787112729,1268.771987883708,1443.4325342232075,1369.538481017505
Habib Subah Humood,Bahrain,0.0,0.0,1352.0137634179937,1297.9861751315912
Robert Milkins,"England",1733.2065607129648,1627.2449949140719,1473.500345988105,1659.6671984789004
Jenson Kendrick,"England",841.8673851385369,1551.898581504184,1551.898581504184,1551.898581504184
Aaron Hill,"Ireland",1511.000886103381,1579.9914569030993,1844.607466452924,1764.6553637063482
Luke Simmonds,England,1339.345067612648,1339.345067612648,1339.345067612648,1339.345067612648
Andy Hicks,"England",1454.906547614477,1504.880974576146,1504.880974576146,1504.880974576146
Shaun Murphy,"England",2228.910928100693,1901.7131258347372,2348.990608816813,2178.3587654488315
Jak Jones,"Wales",2061.4972832485855,2277.641524832178,2028.8381310317563,2035.7836875691778
Zhang Anda,"China",1740.059737362624,1942.2899429462777,1754.9681984647384,2056.8145966026
Mohammed Asif,"Pakistan",1082.6924075401253,1154.425967711281,1154.425967711281,1154.425967711281
Leone Crowley,Ireland,0.0,1483.8745392419382,1277.1302706759134,1164.2209906401692
Robbie Williams,"England",1645.14322930637,1793.939564721632,1634.4541193576683,1635.0515990801653
Long Zehuang,China,0.0,1563.5851404236978,1734.6741519131306,1660.086566070341
Daniel Womersley,England,0.0,1351.3479203952375,1247.4941529178468,1251.745769418102
Musab Sayegh,Saudi Arabia,0.0,0.0,0.0,1432.7132326674077
Matthew Stevens,"Wales",1674.7470808965395,1663.75653069532,1774.4263505946399,1576.730619123849
Harvey Chandler,England,1420.3435955058326,1420.3435955058326,1387.132296867504,1387.132296867504
Jackson Page,"Wales",1749.9753525687615,1808.228742700344,1957.7056213377587,1813.6554152726494
Zhou Jinhao,China,0.0,0.0,1400.7591861130934,1426.4754444509879
Zou Pengfei,China,0.0,0.0,1469.047948496786,1469.047948496786
Cao Yupeng,"China",1663.6705880380434,1788.3614815805752,1788.3614815805752,1788.3614815805752
Wu Yize,"China",1825.8216119186081,1561.0506481218292,2002.10943869285,2323.810588553531
Gary Thomson,Scotland,0.0,0.0,0.0,1423.5871884416774
Cao Jin,China,0.0,0.0,1460.411143196772,1460.411143196772
Steven Hallworth,England,1521.3439130831846,1440.8035926647394,1429.430981162656,1507.4857666932141
Joe Perry,"England",1668.7985298707392,1524.5808094766803,1620.7622238700794,1620.7622238700794
Lewis Ullah,England,1317.8134687631575,1317.8134687631575,1245.1796610002784,1245.1796610002784
Ayman Alamri,Saudi Arabia,0.0,0.0,1415.5859820553937,1354.0413790120451
Han Fuyuan,China,0.0,0.0,0.0,1467.8407079160768
Joel Connolly Jnr,Northern Ireland,1346.9786715362588,1202.4215250577406,1206.1217322248388,1190.2809507232641
Adam Duffy,"England",1237.637990240202,1196.023898128749,1196.023898128749,1196.023898128749
Iulian Boiko,Ukraine,1591.7630811256706,1472.9056966715948,1539.52914519155,1586.3637742085575
Amaan Iqbal,Scotland,1325.4649279761186,1239.4648295443276,1101.346743691468,1084.333401521179
